date,actual,forecast_close,forecast_high,forecast_low,action,reasoning
2020-01-02,3257.85009765625,3257.85009765625,3257.85009765625,3257.85009765625,HOLD,"Kronos forecasts -1.26% return with all 5 days trending down, signaling weakness ahead. Remaining in cash protects capital while we await confirmation of the bearish signal or a clearer entry point."
2020-01-09,3274.699951171875,3274.699951171875,3274.699951171875,3274.699951171875,HOLD,"Kronos forecasts -1.31% return with all 5 days down—strong bearish consensus. Despite recent 20-day strength, the unanimous downside signal warrants staying in cash. Will reassess when forecast improves or downside confirms."
2020-01-16,3316.81005859375,3316.81005859375,3316.81005859375,3316.81005859375,HOLD,"Kronos forecasts -1.97% return with all 5 days down—strong bearish consensus. Despite recent market strength, the unanimous downside prediction suggests waiting for better entry. Currently in cash, so no position to defend."
2020-01-24,3295.469970703125,3295.469970703125,3295.469970703125,3295.469970703125,HOLD,Kronos forecasts 5 consecutive down days with -0.375% expected return and elevated volatility. Strong bearish consensus across the forecast period warrants staying in cash rather than buying into weakness.
2020-01-31,3225.52001953125,3225.52001953125,3225.52001953125,3225.52001953125,BUY,Kronos forecasts 5 consecutive up days (+1.12% expected return) with low volatility. Price above 50-day MA confirms uptrend. Strong bullish signal warrants entry into cash position.
2020-02-07,3327.7099609375,3327.7099609375,3327.7099609375,3327.7099609375,HOLD,"Kronos forecasts +0.962% return with bullish 3-up/2-down trend and low volatility. Already invested with +$3,168 unrealized gain. Price above 50-day MA confirms uptrend. Hold position to capture continued upside."
2020-02-14,3380.159912109375,3380.159912109375,3380.159912109375,3380.159912109375,SELL,"Kronos forecasts unanimous 5-day downtrend (-1.816% return) with strong bearish consensus. Lock in +$4,794 unrealized gain before forecasted pullback. Recent trade history shows similar bearish signals preceded market weakness."
2020-02-24,3225.889892578125,3225.889892578125,3225.889892578125,3225.889892578125,BUY,Kronos forecasts unanimous 5-day uptrend (+2.374% return) with low volatility. Price pullback below 50-day MA provides attractive entry. Strong bullish consensus warrants deploying cash position.
2020-03-02,3090.22998046875,3090.22998046875,3090.22998046875,3090.22998046875,SELL,"Kronos forecasts -2.86% return with price 5.38% below 50-day MA, confirming downtrend. Lock in +$387 gain before forecasted weakness materializes. Bearish technical setup warrants exiting position to cash."
2020-03-09,2746.56005859375,2746.56005859375,2746.56005859375,2746.56005859375,BUY,"Kronos forecasts unanimous 5-day uptrend (+7.5% return) with all days pointing up. Market is deeply oversold (15.5% below 50-day MA), providing attractive entry. Strong bullish consensus warrants deploying cash position to capture forecasted recovery."
2020-03-16,2386.1298828125,2386.1298828125,2386.1298828125,2386.1298828125,HOLD,"Kronos forecasts unanimous 5-day uptrend (+12.6% return) with all days pointing up. Market is deeply oversold (25% below 50-day MA), and the strong bullish consensus supports holding through the forecasted recovery phase."
2020-03-23,2237.39990234375,2237.39990234375,2237.39990234375,2237.39990234375,HOLD,"Kronos forecasts unanimous 5-day uptrend (+7.78% return) with all days pointing up. Market is deeply oversold (28% below 50-day MA), and strong bullish consensus supports holding through the forecasted recovery phase."
2020-03-30,2626.64990234375,2626.64990234375,2626.64990234375,2626.64990234375,SELL,Kronos forecasts -6.6% expected return despite bullish trend—a contradictory signal indicating model uncertainty. Market remains deeply oversold (13.4% below 50-day MA) and recent similar setups have resulted in significant losses. Exit position to preserve capital and avoid further deterioration.
2020-04-06,2663.679931640625,2663.679931640625,2663.679931640625,2663.679931640625,HOLD,"Kronos forecasts -4.39% return with unanimous 5-day downtrend (0 up, 5 down). Price is 9.83% below 50-day MA confirming bearish technicals. Stay in cash to avoid losses during forecasted decline."
2020-04-14,2846.06005859375,2846.06005859375,2846.06005859375,2846.06005859375,HOLD,"Kronos forecasts -2.71% return with unanimous 5-day downtrend (0 up, 5 down). Price is 1.83% below 50-day MA confirming bearish technicals. Remain in cash to avoid losses during forecasted decline."
2020-04-21,2736.56005859375,2736.56005859375,2736.56005859375,2736.56005859375,HOLD,Kronos forecasts unanimous 5-day downtrend (-0.43% return) with all days pointing down. Price is 4% below 50-day MA and volatility is elevated. Remain in cash to avoid losses during the forecasted decline.
2020-04-28,2863.389892578125,2863.389892578125,2863.389892578125,2863.389892578125,HOLD,"Kronos forecasts unanimous 5-day downtrend (-2.38% return, 0 up/5 down) with elevated volatility (4.35% spread). Despite recent 9% rally, bearish consensus and high uncertainty argue against entry. Remain in cash to avoid losses during forecasted decline."
2020-05-05,2868.43994140625,2868.43994140625,2868.43994140625,2868.43994140625,HOLD,"Kronos forecasts -2.15% return with 4 down days vs. 1 up day and elevated volatility (4.69% spread). Despite recent 7.69% rally, the bearish consensus and high uncertainty argue against entry. Remain in cash to avoid losses during the forecasted decline."
2020-05-12,2870.1201171875,2870.1201171875,2870.1201171875,2870.1201171875,BUY,"Kronos forecasts +1.24% return with bullish 3-up/2-down trend. Price is 5.14% above 50-day MA confirming uptrend. After weeks of defensive holds, this positive forecast and technical confirmation warrant entry into the market."
2020-05-19,2922.93994140625,2922.93994140625,2922.93994140625,2922.93994140625,HOLD,"Kronos forecasts unanimous 5-day bullish trend (+1.64% return, 5/5 days up). Price is 7.76% above 50-day MA confirming uptrend. Hold current position to capture forecasted gains."
2020-05-27,3036.1298828125,3036.1298828125,3036.1298828125,3036.1298828125,SELL,"Kronos forecasts unanimous 5-day bearish trend (-1.94% return, 0/5 days up) with elevated volatility. Strong evidence to exit and lock in current +1.56% unrealized gains before forecasted decline."
2020-06-03,3122.8701171875,3122.8701171875,3122.8701171875,3122.8701171875,HOLD,"Kronos forecasts strong bearish trend (4/5 days down, -2.6% return) despite recent 8.87% rally. Remain in cash to avoid losses during the forecasted pullback. Recent trade history confirms this defensive approach worked well on 2020-05-27."
2020-06-10,3190.139892578125,3190.139892578125,3190.139892578125,3190.139892578125,HOLD,"Kronos forecasts -0.654% return with mixed signals (3 up/2 down days). Despite bullish trend, the negative expected return and recent +11.15% rally suggest consolidation. Remain in cash to avoid marginal downside risk and wait for stronger bullish confirmation."
2020-06-17,3113.489990234375,3113.489990234375,3113.489990234375,3113.489990234375,HOLD,"Kronos forecasts -2.17% expected return despite bullish day-count trend—conflicting signals warrant caution. Market has rallied +6.52% in 20 days and is 6.38% above 50-day MA, suggesting potential consolidation. Remain in cash to avoid downside risk and wait for stronger bullish confirmation."
2020-06-24,3050.330078125,3050.330078125,3050.330078125,3050.330078125,BUY,"Kronos forecasts unanimous 5-day bullish trend (+2.24% return, 5/5 days up) with low volatility. Price is 2.85% above 50-day MA confirming uptrend. Strong evidence to enter long position and capture forecasted gains."
2020-07-01,3115.860107421875,3115.860107421875,3115.860107421875,3115.860107421875,SELL,"Kronos forecasts clear bearish trend (-1.57% return, 4/5 days down) after successful +2.15% rally from recent BUY. Lock in gains before forecasted pullback."
2020-07-09,3152.050048828125,3152.050048828125,3152.050048828125,3152.050048828125,BUY,Kronos forecasts +0.537% return with bullish trend (3/5 days up) and low volatility. Price above 50-day MA confirms uptrend. Enter long position to capture forecasted gains.
2020-07-16,3215.570068359375,3215.570068359375,3215.570068359375,3215.570068359375,SELL,"Kronos forecasts strong bearish trend (4/5 days down, -1.099% return). Lock in substantial unrealized gains (+$5,829) before forecasted pullback. Clear evidence to exit."
2020-07-23,3235.659912109375,3235.659912109375,3235.659912109375,3235.659912109375,BUY,Kronos forecasts +2.21% return with unanimous 5/5 bullish days and low volatility. Price 4.75% above 50-day MA confirms uptrend. Strong evidence to enter long position and capture forecasted gains.
2020-07-30,3246.219970703125,3246.219970703125,3246.219970703125,3246.219970703125,HOLD,"Kronos forecasts unanimous 5-day bullish trend (+1.063% return, 5/5 days up) with low volatility. Price above 50-day MA confirms uptrend. Already invested with strong unrealized gains; hold to capture forecasted appreciation."
2020-08-06,3349.159912109375,3349.159912109375,3349.159912109375,3349.159912109375,HOLD,"Kronos forecasts bullish trend (4/5 days up, +0.286% return) with low volatility. Price 6% above 50-day MA confirms uptrend. Already invested with strong unrealized gains; hold to capture forecasted appreciation."
2020-08-13,3373.429931640625,3373.429931640625,3373.429931640625,3373.429931640625,SELL,"Kronos forecasts strong bearish trend (4/5 days down) with predicted decline to $3,256. Lock in substantial unrealized gains (+$10,336) before forecasted pullback. Clear evidence to exit position."
2020-08-20,3385.510009765625,3385.510009765625,3385.510009765625,3385.510009765625,BUY,"Kronos forecasts bullish trend (3/5 days up, +0.822% return) with prices reaching $3,426 by day 3. Price 5.49% above 50-day MA and strong 20-day momentum (+4.63%) confirm uptrend. Low volatility environment supports entry. Buy to capture forecasted appreciation."
2020-08-27,3484.550048828125,3484.550048828125,3484.550048828125,3484.550048828125,SELL,"Kronos forecasts unanimous 5/5 bearish trend with -0.521% expected return and consistent daily declines to $3,436. Lock in substantial unrealized gains (+$13,564) before forecasted pullback. Clear evidence to exit position."
2020-09-03,3455.06005859375,3455.06005859375,3455.06005859375,3455.06005859375,BUY,"Kronos forecasts unanimous 5-day bullish trend (+3.926% return, 5/5 days up) with low volatility. Price 5.21% above 50-day MA confirms uptrend. Strong positive signals warrant entry from cash position."
2020-09-11,3340.969970703125,3340.969970703125,3340.969970703125,3340.969970703125,SELL,"Kronos forecasts unanimous 5/5 bearish trend with -0.877% expected return and consistent daily declines. Lock in $9,814 unrealized gains before forecasted pullback. Clear evidence to exit position."
2020-09-18,3319.469970703125,3319.469970703125,3319.469970703125,3319.469970703125,HOLD,Kronos forecasts bearish trend (4/5 days down) with high volatility (2.234% spread). Price below 50-day MA and negative 20-day momentum confirm weakness. Stay in cash until clearer bullish signals emerge.
2020-09-25,3298.4599609375,3298.4599609375,3298.4599609375,3298.4599609375,HOLD,"Kronos forecasts bearish trend (4/5 days down, -1.96% return). Price below 50-day MA and negative 20-day momentum confirm weakness. Remain in cash until stronger bullish signals emerge."
2020-10-02,3348.419921875,3348.419921875,3348.419921875,3348.419921875,BUY,Kronos forecasts unanimous 5/5 bullish trend with +1.269% expected return and low volatility. Strong multi-day agreement on upside direction warrants entry from cash position.
2020-10-09,3477.139892578125,3477.139892578125,3477.139892578125,3477.139892578125,SELL,"Kronos forecasts unanimous 5/5 bearish trend with -0.894% expected return. All forecast closes decline from current $3,477, with 5-day target at 3406. Lock in $14k unrealized gain before forecasted pullback."
2020-10-16,3483.81005859375,3483.81005859375,3483.81005859375,3483.81005859375,BUY,Kronos forecasts unanimous 5/5 bullish trend with +0.434% expected return and low volatility. Price above 50-day MA with strong 20-day momentum confirms uptrend. Clear multi-day agreement warrants entry from cash position.
2020-10-23,3465.389892578125,3465.389892578125,3465.389892578125,3465.389892578125,SELL,Kronos forecasts bearish trend (3/5 days down) with sharp decline from 3504.6 to 3363.7 by day 5. High volatility (2.26% spread) and multi-day downtrend warrant locking in $13.4k unrealized gain before pullback.
2020-10-30,3269.9599609375,3269.9599609375,3269.9599609375,3269.9599609375,BUY,"Kronos forecasts unanimous 5/5 bullish trend with +1.413% expected return. All forecast days trend upward with closes reaching $3,371.9 by day 3. Strong multi-day agreement warrants entry from cash despite elevated volatility and price below 50-day MA."
2020-11-06,3509.43994140625,3509.43994140625,3509.43994140625,3509.43994140625,HOLD,Bearish trend (3/5 days down) with modest +0.73% expected return lacks conviction. Already holding strong unrealized gains (+$21.7k); no need to risk profitable position on weak signals.
2020-11-13,3585.14990234375,3585.14990234375,3585.14990234375,3585.14990234375,SELL,Kronos forecasts clear bearish trend (4/5 days down) with -1.03% expected return and 5-day close at 3535.3. Lock in $24.4k unrealized gain before forecasted pullback.
2020-11-20,3557.5400390625,3557.5400390625,3557.5400390625,3557.5400390625,BUY,Kronos forecasts 4/5 bullish days with price rising to 3612.8 mid-week. Price above 50-day MA with +2.66% 20-day momentum confirms uptrend. Normal volatility and multi-day agreement warrant entry from cash despite modest -0.23% expected return.
2020-11-30,3621.6298828125,3621.6298828125,3621.6298828125,3621.6298828125,HOLD,"Kronos forecasts unanimous 5/5 bullish trend with +1.238% expected return and price rising to 3,683.6 by day 5. Strong 20-day momentum (+10.75%), price above 50-day MA, and low volatility confirm uptrend. Already holding profitable position; no need to churn."
2020-12-07,3691.9599609375,3691.9599609375,3691.9599609375,3691.9599609375,HOLD,"Kronos forecasts 4/5 bullish days with price rising to $3,813.2 by day 5. Strong 20-day momentum (+5.2%), price above 50-day MA, and declining volatility confirm uptrend. Already holding profitable position (+$29k); no need to churn on strong bullish signal."
2020-12-14,3647.489990234375,3647.489990234375,3647.489990234375,3647.489990234375,HOLD,"Bearish 3/5 trend with -0.66% expected return, but 5-day close forecast (3,663.5) shows modest upside. Strong 20-day momentum (+1.74%) and price +3.68% above 50-day MA confirm uptrend structure intact. Hold profitable position (+$27.5k) rather than churn on weak bearish signal."
2020-12-21,3694.919921875,3694.919921875,3694.919921875,3694.919921875,HOLD,"Bearish 3/5 trend with -0.379% expected return, but 5-day close recovers to $3,703. Strong 20-day momentum (+3.86%) and price 4.14% above 50-day MA confirm uptrend intact. Hold profitable position (+$29k) rather than churn on weak signal."
2020-12-29,3727.0400390625,3727.0400390625,3727.0400390625,3727.0400390625,HOLD,Perfect 5/5 bullish forecast with +0.75% expected return. Price 4.45% above 50-day MA with positive momentum. Already holding profitable position (+$30k); maintain exposure to capture forecasted upside without churning.
2021-01-06,3748.139892578125,3748.139892578125,3748.139892578125,3748.139892578125,HOLD,"Bearish 3/5 trend with -0.083% expected return, but forecast close near current price. 20-day momentum +1.52% and price 4.22% above 50-day MA confirm uptrend intact. Hold profitable position (+$31k) rather than churn on weak signal."
2021-01-13,3809.840087890625,3809.840087890625,3809.840087890625,3809.840087890625,HOLD,"Bearish 3/5 forecast with -2.1% drawdown risk, but modest +0.528% expected return and strong uptrend structure (price 4.69% above 50-day MA, +4.45% 20-day momentum) remain intact. Hold profitable position (+$33k) rather than churn on weak signal."
2021-01-21,3853.070068359375,3853.070068359375,3853.070068359375,3853.070068359375,HOLD,"Bearish 4/5 forecast (-0.36% return) but uptrend structure intact: price 4.66% above 50-day MA with +4.28% 20-day momentum. Hold profitable position (+$34.7k) rather than churn on weak signal, consistent with successful prior decisions."
2021-01-28,3787.3798828125,3787.3798828125,3787.3798828125,3787.3798828125,HOLD,"Forecast shows -1.66% expected return with pullback day 1, but recovers to $3,839.60 by day 5 (3/5 bullish days). Uptrend structure intact: price 2.08% above 50-day MA with +1.62% 20-day momentum. Hold profitable position (+$32.4k) consistent with successful prior decisions on similar mixed signals."
2021-02-04,3871.739990234375,3871.739990234375,3871.739990234375,3871.739990234375,HOLD,"4/5 bullish forecast days with recovery to $3,891.70 by day 5 despite -0.702% expected return. Uptrend structure intact (price 3.82% above 50-day MA, +3.3% 20-day momentum). Maintain profitable position (+$35.3k) rather than churn on weak signal."
2021-02-11,3916.3798828125,3916.3798828125,3916.3798828125,3916.3798828125,HOLD,"3/5 bullish forecast days with recovery to $3,966.2 by day 5 despite -0.779% expected return. Uptrend structure intact (price 4.2% above 50-day MA, +2.8% 20-day momentum). Maintain profitable position (+$36.9k) consistent with successful prior decisions."
2021-02-19,3906.7099609375,3906.7099609375,3906.7099609375,3906.7099609375,HOLD,Bearish 0/5 forecast (-0.787% return) but uptrend structure intact (price 3.22% above 50-day MA). Historical pattern shows this setup is profitable; maintain +$36.6k gain rather than churn.
2021-02-26,3811.14990234375,3811.14990234375,3811.14990234375,3811.14990234375,HOLD,Perfect 5/5 bullish forecast (+0.608% return) in low-volatility regime with intact uptrend structure. Maintain profitable +$33k position; no churn warranted on positive signal.
2021-03-05,3841.93994140625,3841.93994140625,3841.93994140625,3841.93994140625,SELL,"Kronos shows perfect 0/5 bearish forecast (-3.477% return) with all days declining. Recent Feb 19 HOLD on similar bearish signal lost $3,340. Lock in +$34k gains before predicted drawdown."
2021-03-12,3943.340087890625,3943.340087890625,3943.340087890625,3943.340087890625,BUY,Kronos shows bullish 3/5 forecast (+0.114% return) in low-volatility regime with price 2.79% above 50-day MA. Recent SELL avoided downside; now re-entry warranted as trend has reversed to positive with intact uptrend structure.
2021-03-19,3913.10009765625,3913.10009765625,3913.10009765625,3913.10009765625,HOLD,Perfect 5/5 bullish forecast (+0.365% expected return) with all days trending upward. Price remains above 50-day MA in intact uptrend; low volatility regime supports maintaining profitable position.
2021-03-26,3974.5400390625,3974.5400390625,3974.5400390625,3974.5400390625,SELL,Perfect 0/5 bearish forecast (-1.207% return) with all days declining. Lock in +$35k gains before predicted drawdown; historical pattern shows holding through similar signals has been costly.
2021-04-05,4077.909912109375,4077.909912109375,4077.909912109375,4077.909912109375,HOLD,"Bearish 5-day forecast (-1.206%, 0/5 days up) suggests caution, but price remains 4.89% above 50-day MA with strong 20-day momentum. Modest predicted drawdown and intact uptrend structure don't warrant re-entry into predicted weakness; maintain CASH position pending clearer reversal signal."
2021-04-12,4127.990234375,4127.990234375,4127.990234375,4127.990234375,HOLD,"Kronos forecasts perfect 0/5 bearish trend (-0.149% return) with all days declining. While uptrend structure remains intact (5.46% above 50-day MA), the consistent downside forecast warrants staying in CASH to avoid catching a falling knife. Re-entry opportunity likely after predicted weakness stabilizes."
2021-04-19,4163.259765625,4163.259765625,4163.259765625,4163.259765625,HOLD,"Kronos forecasts perfect 0/5 bearish trend (-0.065% return) with all days declining. Despite intact uptrend structure (5.39% above 50-day MA), the unanimous downside forecast warrants staying in CASH to avoid predicted weakness. Recent history confirms this defensive approach has protected gains."
2021-04-26,4187.6201171875,4187.6201171875,4187.6201171875,4187.6201171875,HOLD,"Kronos forecasts bearish 5-day trend (4/5 days down, -0.009% return) despite intact uptrend structure. Recent history confirms defensive CASH positioning has protected gains; wait for clearer reversal signal before re-entry."
2021-05-03,4192.66015625,4192.66015625,4192.66015625,4192.66015625,BUY,Kronos forecasts unanimous bullish 5/5 days up (+0.752% return) — a reversal from weeks of bearish signals. Price 4.74% above 50-day MA with +2.81% 20-day momentum confirms intact uptrend. Deploy capital on this clear directional shift.
2021-05-10,4188.43017578125,4188.43017578125,4188.43017578125,4188.43017578125,HOLD,Kronos forecasts perfect 5/5 bullish days (+0.39% return) with consistent upside progression. Already invested with strong unrealized gains; uptrend structure intact (3.84% above 50-day MA). Hold to capture predicted continuation.
2021-05-17,4163.2900390625,4163.2900390625,4163.2900390625,4163.2900390625,HOLD,Kronos forecasts perfect 5/5 bullish days (+1.012% return) with declining volatility. Already invested with strong unrealized gains; uptrend structure intact (2.45% above 50-day MA). Hold to capture predicted continuation.
2021-05-24,4197.0498046875,4197.0498046875,4197.0498046875,4197.0498046875,SELL,"Kronos forecasts decisive bearish reversal (4/5 days down, -0.579% return) after weeks of bullish signals. Lock in substantial unrealized gains (+$35.5K) before predicted weakness unfolds over next 3-4 trading days."
2021-06-01,4202.0400390625,4202.0400390625,4202.0400390625,4202.0400390625,BUY,Kronos forecasts perfect 5/5 bullish days (+0.433% return) with consistent upside progression. Price 2.11% above 50-day MA with positive 20-day momentum confirms intact uptrend. Deploy capital on this clear directional signal.
2021-06-08,4227.259765625,4227.259765625,4227.259765625,4227.259765625,SELL,Kronos forecasts bearish reversal (3/5 days down) with elevated volatility (1.4% spread). Lock in substantial unrealized gains (+$36.3K) before predicted weakness unfolds. High-volatility regime warrants de-risking.
2021-06-15,4246.58984375,4246.58984375,4246.58984375,4246.58984375,HOLD,"Elevated volatility (1.06% spread) and mixed forecast (3/5 days up, +0.254% return) don't justify re-entry from CASH. Uptrend intact but signal too weak in high-volatility regime. Wait for clearer directional confirmation."
2021-06-22,4246.43994140625,4246.43994140625,4246.43994140625,4246.43994140625,HOLD,"Kronos forecasts bearish reversal (4/5 days down, -1.288% return) with elevated volatility (1.129% spread). From CASH, avoid re-entry into predicted weakness. Wait for clearer bullish confirmation."
2021-06-29,4291.7998046875,4291.7998046875,4291.7998046875,4291.7998046875,HOLD,"Kronos forecasts decisive bearish reversal (5/5 days down, -0.515% return). Despite positive 20-day momentum, the unanimous downside forecast warrants staying in CASH. Wait for bullish confirmation before re-entry."
2021-07-07,4358.1298828125,4358.1298828125,4358.1298828125,4358.1298828125,HOLD,"Kronos forecasts unanimous bearish reversal (5/5 days down, -1.086% return). Despite positive 20-day momentum, the decisive downside signal warrants staying in CASH. Wait for bullish confirmation before re-entry."
2021-07-14,4374.2998046875,4374.2998046875,4374.2998046875,4374.2998046875,HOLD,"Kronos forecasts bearish trend (3/5 days down, +0.055% return) with insufficient conviction to re-enter from CASH. Maintain defensive posture until clearer bullish confirmation emerges."
2021-07-21,4358.68994140625,4358.68994140625,4358.68994140625,4358.68994140625,HOLD,"Kronos forecasts bearish reversal (4/5 days down, -1.89% return). Despite positive 20-day momentum, the decisive downside signal warrants staying in CASH. Wait for bullish confirmation before re-entry."
2021-07-28,4400.64013671875,4400.64013671875,4400.64013671875,4400.64013671875,HOLD,"Kronos forecasts unanimous bearish reversal (5/5 days down, -0.23% return). Despite positive 20-day momentum, the decisive downside signal warrants staying in CASH. Wait for bullish confirmation before re-entry."
2021-08-04,4402.66015625,4402.66015625,4402.66015625,4402.66015625,BUY,Kronos forecasts bullish trend (3/5 days up) with declining volatility and positive 20-day momentum. Price is 2.54% above 50-day MA. First constructive signal after weeks of bearish forecasts—time to re-enter from CASH.
2021-08-11,4442.41015625,4442.41015625,4442.41015625,4442.41015625,SELL,"Kronos forecasts unanimous bearish reversal (5/5 days down, -0.571% return) after just one week of bullish positioning. Lock in +$1,231 unrealized gains before predicted decline. Clear reversal signal warrants exit."
2021-08-18,4400.27001953125,4400.27001953125,4400.27001953125,4400.27001953125,BUY,"Kronos forecasts bullish trend (4/5 days up, +0.146% return) with normal volatility. Price is 1.36% above 50-day MA with positive 20-day momentum. Clear constructive signal to re-enter from CASH after successful prior exit."
2021-08-25,4496.18994140625,4496.18994140625,4496.18994140625,4496.18994140625,SELL,"Kronos forecasts unanimous bearish reversal (5/5 days down, -0.721% return). Lock in substantial unrealized gains (+$40,555) before predicted decline. Same decisive signal that warranted successful exit on 8/11."
2021-09-01,4524.08984375,4524.08984375,4524.08984375,4524.08984375,HOLD,"Kronos forecasts unanimous bearish reversal (5/5 days down, -0.306% return). Stay in CASH and wait for bullish confirmation, consistent with successful prior exits on 8/11 and 8/25."
2021-09-09,4493.27978515625,4493.27978515625,4493.27978515625,4493.27978515625,BUY,"Kronos forecasts unanimous bullish trend (5/5 days up, +0.756% return) with normal volatility. Price is 1.73% above 50-day MA with positive 20-day momentum. Clear constructive signal to re-enter from CASH."
2021-09-16,4473.75,4473.75,4473.75,4473.75,SELL,"Kronos forecasts bearish reversal (4/5 days down, +0.487% return) mirroring successful prior exits. Lock in +$39,944 unrealized gains before predicted decline. Clear risk/reward favors profit-taking."
2021-09-23,4448.97998046875,4448.97998046875,4448.97998046875,4448.97998046875,HOLD,"Kronos forecasts unanimous bearish reversal (5/5 days down, -1.813% return). Stay in CASH and wait for bullish confirmation, consistent with successful prior exits on 8/25 and 9/16. Strong downside risk does not justify entry."
2021-09-30,4307.5400390625,4307.5400390625,4307.5400390625,4307.5400390625,BUY,"Kronos forecasts unanimous bullish trend (5/5 days up, +0.589% return). Price is oversold 3% below 50-day MA with normal volatility—ideal entry point ahead of predicted recovery."
2021-10-07,4399.759765625,4399.759765625,4399.759765625,4399.759765625,SELL,"Kronos forecasts bearish reversal (3/5 days down, -0.71% return). Price below 50-day MA confirms weakness. Lock in +$42,940 unrealized gains before predicted decline, consistent with successful prior exits."
2021-10-14,4438.259765625,4438.259765625,4438.259765625,4438.259765625,HOLD,"Kronos forecasts unanimous bearish trend (5/5 days down, -1.812% return). All forecast closes below current price. Stay in CASH and wait for bullish confirmation before re-entering, consistent with successful prior exits."
2021-10-21,4549.77978515625,4549.77978515625,4549.77978515625,4549.77978515625,HOLD,"Kronos forecasts unanimous bearish reversal (5/5 days down, -1.089% return) despite recent bullish momentum. Stay in CASH and await bullish confirmation, consistent with successful prior exits on 9/16 and 10/7."
2021-10-28,4596.419921875,4596.419921875,4596.419921875,4596.419921875,HOLD,"Kronos forecasts bearish reversal (3/5 days down, -0.163% return) with price declining to 4,536 by day 5. Despite strong 20-day momentum, the majority trend is down. Stay in CASH and await bullish confirmation, consistent with successful prior exits."
2021-11-04,4680.06005859375,4680.06005859375,4680.06005859375,4680.06005859375,HOLD,"Kronos forecasts unanimous bearish trend (5/5 days down, -0.807% return) with price declining to $4,544 by day 5. Despite strong 20-day momentum, the model's recent accuracy supports staying in CASH and awaiting bullish confirmation."
2021-11-11,4649.27001953125,4649.27001953125,4649.27001953125,4649.27001953125,BUY,"Kronos forecasts strong bullish trend (4/5 days up, +0.469% return). Price is 3.62% above 50-day MA with +4.75% 20-day momentum. Clear bullish confirmation after extended CASH period justifies entry."
2021-11-18,4704.5400390625,4704.5400390625,4704.5400390625,4704.5400390625,SELL,"Kronos forecasts strong bearish reversal (4/5 days down, -0.465% return) with price declining to $4,570 by day 5. Model has proven accurate recently. Exit position to lock in $44.6K gains and avoid predicted decline."
2021-11-26,4594.6201171875,4594.6201171875,4594.6201171875,4594.6201171875,BUY,"Kronos forecasts unanimous bullish trend (5/5 days up, +1.137% return). Price above 50-day MA with strong model accuracy. Clear bullish confirmation justifies re-entry after recent exit."
2021-12-03,4538.43017578125,4538.43017578125,4538.43017578125,4538.43017578125,HOLD,"Kronos forecasts unanimous bullish trend (5/5 days up, +0.082% return) with price rising to $4,636 by day 5. Model accuracy is strong and volatility is low. Maintain current invested position to capture the forecasted upside."
2021-12-10,4712.02001953125,4712.02001953125,4712.02001953125,4712.02001953125,SELL,"Kronos forecasts unanimous bearish trend (5/5 days down, -1.004% return). Model has proven accurate on recent bearish signals. Lock in substantial $48K gains before predicted decline."
2021-12-17,4620.64013671875,4620.64013671875,4620.64013671875,4620.64013671875,BUY,"Kronos forecasts unanimous bullish trend (5/5 days up, +1.234% return) with price rising to $4,765.50. Low volatility and strong model accuracy support entry. Full capital available to deploy on clear bullish signal."
2021-12-27,4791.18994140625,4791.18994140625,4791.18994140625,4791.18994140625,SELL,"Kronos forecasts bearish trend (3/5 days down, -1.98% return). Lock in $53.8K gains before predicted decline. Model has proven accurate on recent reversals."
2022-01-03,4796.56005859375,4796.56005859375,4796.56005859375,4796.56005859375,HOLD,"Kronos forecasts unanimous bearish trend (5/5 days down, -0.846% return). Model has proven accurate on recent signals. Maintain cash position and wait for bullish reversal before re-entering."
2022-01-10,4670.2900390625,4670.2900390625,4670.2900390625,4670.2900390625,HOLD,Kronos shows bullish trend (4/5 days up) but negative expected return (-0.549%) creates mixed signals. Price below 50-day MA and recent 20-day weakness suggest waiting for clearer bullish conviction before deploying capital.
2022-01-18,4577.10986328125,4577.10986328125,4577.10986328125,4577.10986328125,BUY,"Kronos forecasts unanimous bullish trend (5/5 days up, +3.005% return). Strong model accuracy on recent signals supports entry. Deploy full capital on clear bullish conviction in low-volatility regime."
2022-01-25,4356.4501953125,4356.4501953125,4356.4501953125,4356.4501953125,HOLD,"Kronos forecasts unanimous bullish trend (5/5 days up, +2.161% return) supporting position maintenance. However, elevated volatility (2.612% spread) and price 6.53% below 50-day MA suggest caution against adding exposure. Maintain current invested position to capture upside while managing risk in volatile regime."
2022-02-01,4546.5400390625,4546.5400390625,4546.5400390625,4546.5400390625,SELL,"Kronos forecasts bearish trend (3/5 days down) with prices declining to $4,449.6. Market is 1.85% below 50-day MA with -5.21% recent weakness. Exit position to avoid predicted decline and preserve gains."
2022-02-08,4521.5400390625,4521.5400390625,4521.5400390625,4521.5400390625,BUY,"Kronos forecasts bullish trend (3/5 days up, +0.258% return) with normal volatility. Market has stabilized after recent selloff and shows early recovery signals. Deploy capital to capture upside as forecast suggests modest but consistent gains over next 5 days."
2022-02-15,4471.06982421875,4471.06982421875,4471.06982421875,4471.06982421875,SELL,"Kronos forecasts bearish trend (3/5 days down, -2.074% return) with elevated volatility (4.4% spread). Price is 2.91% below 50-day MA and recent 20-day weakness confirms downtrend. Exit to protect substantial unrealized gains ($51K+) before predicted decline materializes."
2022-02-23,4225.5,4225.5,4225.5,4225.5,BUY,"Kronos forecasts unanimous bullish trend (5/5 days up, +3.29% return) with normal volatility. Market has stabilized after recent weakness; strong model conviction supports entry from cash position to capture predicted upside."
2022-03-02,4386.5400390625,4386.5400390625,4386.5400390625,4386.5400390625,SELL,"Kronos forecasts strong bearish trend (4/5 days down, -2.95% return) confirmed by price 3.48% below 50-day MA and -3.52% recent weakness. Exit position to protect $56K+ unrealized gains before predicted decline materializes."
2022-03-09,4277.8798828125,4277.8798828125,4277.8798828125,4277.8798828125,BUY,"Kronos forecasts strong bullish trend (4/5 days up, +0.443% return). Despite elevated volatility and price below 50-day MA, the multi-day bullish consensus supports re-entry from cash to capture predicted upside momentum."
2022-03-16,4357.85986328125,4357.85986328125,4357.85986328125,4357.85986328125,SELL,"Kronos forecasts unanimous bearish trend (5/5 days down, -4.4% return) with high volatility and potential 11.6% drawdown. Price below 50-day MA confirms downtrend. Exit to protect $59.8K unrealized gains before predicted decline."
2022-03-23,4456.240234375,4456.240234375,4456.240234375,4456.240234375,BUY,"Kronos forecasts unanimous bullish trend (5/5 days up, +0.652% return) with normal volatility. Price above 50-day MA and positive 20-day momentum confirm uptrend. Strong model conviction supports entry from cash to capture predicted upside."
2022-03-30,4602.4501953125,4602.4501953125,4602.4501953125,4602.4501953125,HOLD,"Kronos forecasts bullish trend (3/5 days up, +1.565% return) with moderate volatility. Price above 50-day MA and strong recent momentum confirm uptrend. Already invested with $65K unrealized gains; hold to capture predicted near-term upside."
2022-04-06,4481.14990234375,4481.14990234375,4481.14990234375,4481.14990234375,SELL,"Kronos forecasts bearish trend (3/5 days down) with price declining to 4,423.5 by day 4. Lock in $60K+ unrealized gains before predicted downside materializes. Multi-day bearish consensus outweighs modest positive expected return."
2022-04-13,4446.58984375,4446.58984375,4446.58984375,4446.58984375,HOLD,"Kronos forecasts unanimous bearish trend (5/5 days down, -2.04% return) with elevated volatility. High-volatility regime + strong downside consensus warrants staying in cash. Wait for bullish reversal before re-entry."
2022-04-21,4393.66015625,4393.66015625,4393.66015625,4393.66015625,BUY,"Kronos forecasts unanimous bullish trend (5/5 days up, +1.338% return) with low volatility. Strong model conviction and reversal from prior bearish outlook support entry from cash. Capture predicted upside with favorable risk profile."
2022-04-28,4287.5,4287.5,4287.5,4287.5,SELL,"Kronos forecasts unanimous bearish trend (5/5 days down, -1.113% return). Price below 50-day MA with negative 20-day momentum confirms downtrend. Exit position to protect gains before further deterioration."
2022-05-05,4146.8701171875,4146.8701171875,4146.8701171875,4146.8701171875,BUY,"Kronos forecasts unanimous bullish trend (5/5 days up, +3.39% return) with normal volatility. Price oversold at -5.21% below 50-day MA suggests reversal opportunity. Strong model conviction supports entry from cash."
2022-05-12,3930.080078125,3930.080078125,3930.080078125,3930.080078125,HOLD,"Kronos forecasts bullish 4-of-5 day trend toward 4,087, but near-flat expected return and price 9.6% below 50-day MA warrant caution. Hold current position to capture predicted upside while protecting substantial unrealized gains."
2022-05-19,3900.7900390625,3900.7900390625,3900.7900390625,3900.7900390625,HOLD,Kronos forecasts unanimous bullish 5/5 day trend with +0.715% expected return and declining volatility. Already fully invested with strong unrealized gains; holding captures predicted upside while protecting position during early-stage recovery from oversold levels.
2022-05-26,4057.840087890625,4057.840087890625,4057.840087890625,4057.840087890625,HOLD,"Kronos forecasts bullish 4/5 day trend but negative -1.91% expected return with near-term dip to $3,980. Already fully invested with $53k unrealized gains; holding protects position while capturing predicted recovery without chasing oversold conditions."
2022-06-03,4108.5400390625,4108.5400390625,4108.5400390625,4108.5400390625,SELL,"Kronos forecasts bearish 3/5 day trend with declining closes toward $4,073. Price is 3.47% below 50-day MA confirming weakness. Protect $55k unrealized gains before further deterioration in downtrend environment."
2022-06-10,3900.860107421875,3900.860107421875,3900.860107421875,3900.860107421875,BUY,"Kronos forecasts unanimous bullish 5/5 day trend with +2.98% expected return. Price is oversold at 7.39% below 50-day MA, signaling reversal opportunity. Normal volatility supports entry from cash position."
2022-06-17,3674.840087890625,3674.840087890625,3674.840087890625,3674.840087890625,SELL,Kronos forecasts unanimous bearish 5/5 day trend with -3.23% expected return and elevated volatility. Price 11% below 50-day MA confirms downtrend. Protect $46k unrealized gains before further deterioration.
2022-06-27,3900.110107421875,3900.110107421875,3900.110107421875,3900.110107421875,HOLD,Kronos forecasts bearish 3/5 day trend with -2.085% expected return. Price is 4% below 50-day MA confirming downtrend. Insufficient bullish evidence to justify entry from cash; waiting for clearer reversal signals.
2022-07-05,3831.389892578125,3831.389892578125,3831.389892578125,3831.389892578125,HOLD,Kronos forecasts unanimous bearish 5/5 day trend with -1.23% expected return. Price is 4.35% below 50-day MA confirming downtrend. Insufficient bullish evidence to justify entry from cash position.
2022-07-12,3818.800048828125,3818.800048828125,3818.800048828125,3818.800048828125,HOLD,Kronos forecasts unanimous bearish 5/5 day trend with all closes declining. Price is 3.71% below 50-day MA confirming downtrend. Insufficient bullish evidence to justify entry from cash position.
2022-07-19,3936.68994140625,3936.68994140625,3936.68994140625,3936.68994140625,HOLD,"Kronos forecasts unanimous bearish 5/5 day trend with -2.91% expected return. Despite recent 7.13% 20-day rally, the consistent downside forecast across all days provides strong evidence to avoid entry. Remain in cash."
2022-07-26,3921.050048828125,3921.050048828125,3921.050048828125,3921.050048828125,BUY,"Kronos forecasts unanimous bullish 5/5 day trend with +0.486% expected return, reversing 5 consecutive bearish forecasts. Low volatility environment and price above 50-day MA confirm uptrend initiation. Entry justified after extended downtrend."
2022-08-02,4091.18994140625,4091.18994140625,4091.18994140625,4091.18994140625,HOLD,Kronos forecasts unanimous 5/5 bullish days with +0.629% expected return. Already invested with strong gains; price above 50-day MA and positive momentum confirm uptrend. Hold to capture continued upside.
2022-08-09,4122.47021484375,4122.47021484375,4122.47021484375,4122.47021484375,HOLD,"Bearish 3/5 day trend with -0.129% expected return, but forecast shows recovery to $4,175 by day 5. Already invested with strong gains; price above 50-day MA. Hold through near-term weakness to capture potential recovery."
2022-08-16,4305.2001953125,4305.2001953125,4305.2001953125,4305.2001953125,SELL,"Kronos forecasts unanimous 5/5 bearish days with -1.42% expected return and all closes declining. Strong evidence to lock in $60K+ gains before predicted pullback to $4,198."
2022-08-23,4128.72998046875,4128.72998046875,4128.72998046875,4128.72998046875,BUY,"Kronos forecasts bullish 3/5 day trend with recovery to $4,262.5 by day 5 (+3.2% upside). Price above 50-day MA with positive momentum. Near-term dip presents entry opportunity before predicted recovery."
2022-08-30,3986.159912109375,3986.159912109375,3986.159912109375,3986.159912109375,HOLD,"Kronos forecasts unanimous 5/5 bullish days with +0.733% expected return and prices rising to $4,217. Already invested with strong gains; forecast supports continued upside. Hold to capture predicted recovery."
2022-09-07,3979.8701171875,3979.8701171875,3979.8701171875,3979.8701171875,SELL,"Kronos forecasts unanimous 5/5 bearish days with -1.41% expected return and prices declining to $3,841. Price below 50-day MA with negative 20-day trend and elevated volatility confirm downtrend. Lock in $54K+ gains before predicted further decline."
2022-09-14,3946.010009765625,3946.010009765625,3946.010009765625,3946.010009765625,HOLD,"Bearish 4/5 day forecast with prices declining to $3,840 (-2.7%). Price below 50-day MA and 20-day return of -8.34% confirm downtrend. Minimal expected return (+0.411%) doesn't justify entry risk. Stay in cash and wait for stabilization or stronger bullish signals."
2022-09-21,3789.929931640625,3789.929931640625,3789.929931640625,3789.929931640625,HOLD,"Bearish 4/5 day forecast with prices declining to $3,668. Price 6.23% below 50-day MA and 20-day return of -8.21% confirm downtrend. Minimal +0.458% expected return doesn't justify entry risk. Stay in cash."
2022-09-28,3719.0400390625,3719.0400390625,3719.0400390625,3719.0400390625,HOLD,Kronos forecasts unanimous 5/5 bearish days with -0.94% expected return. Price 7.73% below 50-day MA with -6.7% 20-day decline confirms downtrend. Stay in cash until stronger bullish reversal signals emerge.
2022-10-05,3783.280029296875,3783.280029296875,3783.280029296875,3783.280029296875,HOLD,"Bearish 4/5 day forecast with prices declining to $3,676. Price 5.48% below 50-day MA, elevated volatility (3.08%), and -4.94% 20-day return confirm downtrend. Modest +1.27% expected return insufficient to justify entry risk. Stay in cash."
2022-10-12,3577.030029296875,3577.030029296875,3577.030029296875,3577.030029296875,HOLD,Bearish 3/5 day forecast with -0.602% expected return. Price 9.77% below 50-day MA and -9.35% 20-day decline confirm downtrend. Insufficient bullish evidence to justify entry; remain in cash.
2022-10-19,3695.159912109375,3695.159912109375,3695.159912109375,3695.159912109375,BUY,"Kronos forecasts strong bullish consensus (4/5 days up) with +1.457% expected return and low volatility. After weeks of correct cash positioning, the forecast signals an early reversal. Enter position to capture the anticipated upside move."
2022-10-26,3830.60009765625,3830.60009765625,3830.60009765625,3830.60009765625,SELL,"Kronos forecasts strong bearish consensus (4/5 days down) with prices declining to $3,673.90. Exit the profitable position to lock in $60K+ gains before the anticipated 4-day downtrend materializes."
2022-11-02,3759.68994140625,3759.68994140625,3759.68994140625,3759.68994140625,BUY,"Kronos forecasts unanimous 5/5 bullish days with +2.47% expected return and low volatility. Strong consensus for upside momentum with final day target of $4,035.50. Market stabilizing after October decline; favorable entry point."
2022-11-09,3748.570068359375,3748.570068359375,3748.570068359375,3748.570068359375,HOLD,"Strong bullish forecast (4/5 days up, +1.83% expected return) with low volatility supports maintaining position. Already invested with $60K+ unrealized gains; positive 20-day momentum confirms uptrend. No churn needed."
2022-11-16,3958.7900390625,3958.7900390625,3958.7900390625,3958.7900390625,HOLD,Kronos forecasts unanimous 5/5 bullish days with +1.207% expected return and low volatility. Already invested with strong $69K unrealized gains; price above 50-day MA confirms uptrend. Maintain position to capture forecasted upside.
2022-11-23,4027.260009765625,4027.260009765625,4027.260009765625,4027.260009765625,SELL,"Kronos forecasts strong bearish consensus (4/5 days down) with -1.73% expected return and significant drawdown to $3,851. Lock in substantial unrealized gains (+$71,976) before the anticipated decline."
2022-12-01,4076.570068359375,4076.570068359375,4076.570068359375,4076.570068359375,HOLD,"Kronos forecasts strong bearish consensus (4/5 days down, -0.87% return) with pullback to $3,959. Maintain cash position to avoid the anticipated decline and preserve capital for better re-entry opportunities."
2022-12-08,3963.510009765625,3963.510009765625,3963.510009765625,3963.510009765625,HOLD,"Kronos forecasts unanimous 5-day bearish consensus (-1.316% return, 0/5 days up) with pullback to $3,871. Maintain cash position to avoid the anticipated decline and preserve capital for better re-entry after the forecasted correction."
2022-12-15,3895.75,3895.75,3895.75,3895.75,HOLD,"Kronos forecasts strong bearish consensus (4/5 days down) with price declining to $3,809.60 (−2.2%). Negative 20-day momentum confirms weakness. Maintain cash position to preserve capital and avoid the anticipated correction."
2022-12-22,3822.389892578125,3822.389892578125,3822.389892578125,3822.389892578125,BUY,"Kronos forecasts strong bullish consensus (4/5 days up, +1.26% return) with price recovery to $3,877.90. Market is oversold vs. 50-day MA; re-entry justified after successfully avoiding recent decline."
2022-12-30,3839.5,3839.5,3839.5,3839.5,HOLD,"Kronos forecasts bullish 4/5 day consensus with recovery toward $3,933. Already invested from Dec 22 re-entry; holding preserves position while market recovers toward 50-day MA."
2023-01-09,3892.090087890625,3892.090087890625,3892.090087890625,3892.090087890625,HOLD,"Kronos forecasts unanimous bullish consensus (5/5 days up, +0.32% return) with price recovery toward $4,036. Already invested from Dec 22 re-entry; holding preserves position while low-volatility uptrend develops."
2023-01-17,3990.969970703125,3990.969970703125,3990.969970703125,3990.969970703125,HOLD,"Kronos forecasts modest 4/5 day bearish consensus (-0.768%) with pullback mid-week, but day-5 recovery to $4,001. Already invested with strong gains; holding preserves position through near-term weakness while maintaining exposure to potential recovery."
2023-01-24,4016.949951171875,4016.949951171875,4016.949951171875,4016.949951171875,HOLD,"Kronos forecasts bullish 5-day consensus (+1.405% return, 3/5 days up) with recovery trajectory. Already invested with strong gains; holding preserves position through normal pullback while maintaining exposure to forecast upside."
2023-01-31,4076.60009765625,4076.60009765625,4076.60009765625,4076.60009765625,HOLD,"Kronos forecasts 4/5 bearish days with near-term pullback, but day-5 recovery to $4,100.80 and strong market structure (price +3.37% above 50-day MA) suggest temporary weakness. Holding preserves substantial gains while maintaining exposure to forecast recovery."
2023-02-07,4164.0,4164.0,4164.0,4164.0,HOLD,"Unanimous bearish 5-day forecast (-2%) but market structure remains strong (5.16% above 50-day MA, +6.99% 20-day return). Forecast shows recovery on days 3 and 5; recent history confirms similar patterns led to gains. Holding preserves substantial unrealized gains through temporary weakness."
2023-02-14,4136.1298828125,4136.1298828125,4136.1298828125,4136.1298828125,HOLD,Kronos forecasts unanimous 5/5 bullish consensus (+1.305% return) with low volatility. Market structure remains strong (4.18% above 50-day MA). Already invested with substantial gains; holding preserves position through favorable forecast period.
2023-02-22,3991.050048828125,3991.050048828125,3991.050048828125,3991.050048828125,HOLD,Kronos forecasts bullish 4/5 day consensus (+0.892% return) with low volatility. Market structure remains healthy (price above 50-day MA). Already invested with strong gains; holding preserves position through favorable forecast period.
2023-03-01,3951.389892578125,3951.389892578125,3951.389892578125,3951.389892578125,HOLD,"Kronos forecasts strong 4/5 bullish consensus with recovery to $4,055 by day 5. Near-term dip to $3,922 is temporary; low volatility and healthy market structure support holding through the forecast period. Already invested with substantial gains; preserving position maximizes exposure to predicted upside."
2023-03-08,3992.010009765625,3992.010009765625,3992.010009765625,3992.010009765625,SELL,"Unanimous 5/5 bearish forecast with -2.6% downside to $3,888. Price broke below 50-day MA with negative 20-day momentum (-4.13%). Recent similar forecasts resulted in losses; locking in $79,607 gains is prudent."
2023-03-15,3891.929931640625,3891.929931640625,3891.929931640625,3891.929931640625,BUY,"Kronos forecasts unanimous 5/5 bullish consensus with +2.517% expected return. Despite elevated volatility, the consistent upside across all 5 days and recovery pattern (dip on day 3, then recovery) supports entry. Price is 2.76% below 50-day MA, providing attractive entry point. Recent successful sell at $3,992 followed by current price of $3,891.93 presents good risk/reward for re-entry."
2023-03-22,3936.969970703125,3936.969970703125,3936.969970703125,3936.969970703125,SELL,"Kronos forecasts bearish 3/5 day consensus with prices declining to $3,874 (-1.6%). Negative 20-day momentum and price below 50-day MA confirm weakness. Locking in $81,686 gains before predicted decline."
2023-03-29,4027.81005859375,4027.81005859375,4027.81005859375,4027.81005859375,HOLD,"Kronos forecasts unanimous 5/5 bearish consensus with -0.93% expected return and prices declining to $3,910.90. Remaining in cash avoids the predicted downside; will re-enter on bullish reversal signal."
2023-04-05,4090.3798828125,4090.3798828125,4090.3798828125,4090.3798828125,BUY,Kronos forecasts unanimous 5/5 bullish consensus with +1.573% expected return. Price is above 50-day MA with positive momentum and low volatility. Strong entry signal from cash with favorable risk/reward profile.
2023-04-13,4146.22021484375,4146.22021484375,4146.22021484375,4146.22021484375,SELL,"Kronos forecasts unanimous 5/5 bearish consensus with all days declining to $4,114.2 (-0.107% return). Strong directional signal to exit and lock in $84K+ gains before predicted downside."
2023-04-20,4129.7900390625,4129.7900390625,4129.7900390625,4129.7900390625,HOLD,"Kronos forecasts unanimous bearish 5/5 consensus with -0.17% expected return. However, from cash position with positive 20-day momentum and price above 50-day MA, the risk/reward doesn't justify entry. Waiting for stronger directional signal or reversal before deploying capital."
2023-04-27,4135.35009765625,4135.35009765625,4135.35009765625,4135.35009765625,HOLD,"Kronos forecasts strong bearish consensus (-2.52%, 5/5 down days) with elevated volatility. However, positive 20-day momentum and price above 50-day MA suggest caution on shorts. From cash, waiting for clearer reversal signal before deploying capital."
2023-05-04,4061.219970703125,4061.219970703125,4061.219970703125,4061.219970703125,BUY,Kronos forecasts unanimous 5/5 bullish consensus with +0.789% expected return. Price above 50-day MA with normal volatility. Strong entry signal from cash position with favorable multi-day uptrend confirmation.
2023-05-11,4130.6201171875,4130.6201171875,4130.6201171875,4130.6201171875,HOLD,Kronos forecasts unanimous 5/5 bullish consensus with +0.762% expected return. Already invested with strong gains; price above 50-day MA confirms uptrend. Hold to capture forecasted upside without unnecessary churn.
2023-05-18,4198.0498046875,4198.0498046875,4198.0498046875,4198.0498046875,SELL,"Kronos forecasts unanimous 5/5 bearish consensus with -1.246% expected return over 5 days. All forecast days show declining prices. Lock in $90K+ unrealized gains before predicted downside, despite positive 20-day momentum."
2023-05-25,4151.27978515625,4151.27978515625,4151.27978515625,4151.27978515625,BUY,Kronos forecasts unanimous 5/5 bullish consensus with +1.44% expected return. Price above 50-day MA with positive momentum and low volatility. Strong entry signal to deploy capital from cash position.
2023-06-02,4282.3701171875,4282.3701171875,4282.3701171875,4282.3701171875,SELL,"Kronos forecasts unanimous 5/5 bearish consensus with -1.473% expected return. All forecast days show declining prices from 4219 to 4171. Lock in $96K+ unrealized gains before predicted downside, consistent with successful prior exit on 2023-05-18."
2023-06-09,4298.85986328125,4298.85986328125,4298.85986328125,4298.85986328125,HOLD,Kronos forecasts bearish 5-day consensus (-0.516% return) with 4 down days. Recent profitable exit on June 2 was well-timed; waiting for clearer bullish signals before re-entering.
2023-06-16,4409.58984375,4409.58984375,4409.58984375,4409.58984375,HOLD,"Bearish forecast (4 down days) but weak signal with +0.04% expected return. Market structure remains constructive (price above 50-day MA, +5% 20-day return). Wait for clearer bullish consensus or decisive breakdown before re-entering from cash."
2023-06-26,4328.81982421875,4328.81982421875,4328.81982421875,4328.81982421875,HOLD,"Bearish 5-day consensus (-0.493%, all 5 days down) but modest downside. Market structure constructive (above 50-day MA, +4.28% 20-day return). Already in cash from well-timed June 2 exit; insufficient risk/reward to deploy capital into predicted -0.5% move. Wait for clearer bullish signal."
2023-07-03,4455.58984375,4455.58984375,4455.58984375,4455.58984375,HOLD,"Kronos forecasts unanimous 5-day bearish consensus (all 5 days down, -0.153% return). While market structure remains constructive above 50-day MA, the near-term downside doesn't justify deploying capital from cash. Wait for bullish reversal signal."
2023-07-11,4439.259765625,4439.259765625,4439.259765625,4439.259765625,HOLD,"Kronos forecasts unanimous 5-day bearish consensus (all 5 days down, -0.007% return). Despite constructive market structure above 50-day MA, the lack of any bullish days and negative expected return don't justify deploying capital from cash. Wait for bullish reversal signal."
2023-07-18,4554.97998046875,4554.97998046875,4554.97998046875,4554.97998046875,HOLD,"Kronos forecasts unanimous 5-day bearish consensus (all 5 days down, -1.326% return). Already in cash from well-timed prior exit; no justification to deploy capital into predicted weakness. Wait for bullish reversal signal."
2023-07-25,4567.4599609375,4567.4599609375,4567.4599609375,4567.4599609375,HOLD,"Kronos forecasts unanimous 5-day bearish consensus (all 5 days down, -0.228% return). Market structure remains constructive above 50-day MA, but lack of any bullish days doesn't justify deploying capital from cash. Wait for bullish reversal signal."
2023-08-01,4576.72998046875,4576.72998046875,4576.72998046875,4576.72998046875,BUY,"Kronos forecasts unanimous 5-day bullish consensus (all 5 days up, +0.683% expected return) - a clear reversal from recent bearish signals. Market structure is constructive (4.49% above 50-day MA, +2.72% 20-day return). Deploy capital from cash position to capture this bullish setup."
2023-08-08,4499.3798828125,4499.3798828125,4499.3798828125,4499.3798828125,HOLD,"Kronos forecasts unanimous 5-day bullish consensus (all 5 days up, +1.379% expected return). Already invested from successful BUY on Aug 1st; market structure remains constructive above 50-day MA with low volatility. Hold position to capture the forecasted upside."
2023-08-15,4437.85986328125,4437.85986328125,4437.85986328125,4437.85986328125,HOLD,"Kronos forecasts unanimous 5-day bullish consensus (all 5 days up, +2.182% expected return). Already invested from successful Aug 1st entry; market structure remains constructive with low volatility. Hold to capture forecasted upside."
2023-08-22,4387.5498046875,4387.5498046875,4387.5498046875,4387.5498046875,HOLD,"Kronos forecasts unanimous 5-day bullish consensus (all 5 days up, +0.625% expected return) with low volatility. Already fully invested; hold to capture forecasted recovery as market rebounds from below 50-day MA."
2023-08-29,4497.6298828125,4497.6298828125,4497.6298828125,4497.6298828125,SELL,"Kronos forecasts unanimous 5-day bearish consensus (all 5 days down, -1.137% expected return) — strongest negative signal in recent history. Combined with 20-day downtrend and model's recent failed bullish calls, exit to protect $92,988 in unrealized gains."
2023-09-06,4465.47998046875,4465.47998046875,4465.47998046875,4465.47998046875,BUY,"Kronos forecasts unanimous 5-day bullish consensus (all 5 days up, +1.352% expected return) with low volatility. Market is slightly below 50-day MA but forecast suggests recovery. Deploy capital from cash to capture the forecasted upside."
2023-09-13,4467.43994140625,4467.43994140625,4467.43994140625,4467.43994140625,HOLD,"Kronos forecasts unanimous 5-day bullish consensus (all 5 days up, +0.312% expected return) with low volatility. Already invested from successful Sep 6 entry; hold to capture forecasted upside."
2023-09-20,4402.2001953125,4402.2001953125,4402.2001953125,4402.2001953125,HOLD,"Kronos forecasts bullish 5-day consensus (+0.718% expected return, 3 up days). Already invested with strong unrealized gains; hold to capture forecasted recovery as model shows price reaching 4,456.4 by day 5."
2023-09-27,4274.509765625,4274.509765625,4274.509765625,4274.509765625,HOLD,"Kronos forecasts unanimous 5-day bullish consensus (all 5 days up, +0.914% expected return) with low volatility. Already fully invested with strong unrealized gains; hold to capture forecasted recovery toward $4,421.5."
2023-10-04,4263.75,4263.75,4263.75,4263.75,HOLD,Mixed forecast signal: bullish trend (3 up days) but negative expected return (-0.631%) with elevated volatility. Already fully invested with $84K unrealized gains; market is 4% below 50-day MA. Hold to preserve position while avoiding churn in uncertain environment.
2023-10-11,4376.9501953125,4376.9501953125,4376.9501953125,4376.9501953125,SELL,"Unanimous 5-day bearish consensus (all down, -0.269% return) with elevated volatility. Price below 50-day MA and recent trend negative. Lock in $89K unrealized gains before forecasted decline."
2023-10-18,4314.60009765625,4314.60009765625,4314.60009765625,4314.60009765625,BUY,"Kronos forecasts unanimous 5-day bullish consensus (all 5 days up, +0.703% expected return) with normal volatility. Strong multi-day agreement on upside direction justifies re-entry after recent cash position. Price near recent lows provides favorable entry."
2023-10-25,4186.77001953125,4186.77001953125,4186.77001953125,4186.77001953125,HOLD,"Kronos forecasts unanimous 5-day bullish consensus (all 5 days up, +2.391% expected return) with low volatility. Already invested with strong unrealized gains; hold to capture forecasted recovery toward $4,307 as model shows consistent upside across all forecast days."
2023-11-01,4237.85986328125,4237.85986328125,4237.85986328125,4237.85986328125,HOLD,Negative expected return (-1.33%) with mixed forecast signals and price below 50-day MA warrant caution. Already fully invested with strong unrealized gains; hold to avoid churn while awaiting clearer bullish confirmation.
2023-11-08,4382.77978515625,4382.77978515625,4382.77978515625,4382.77978515625,SELL,"Kronos forecasts clear bearish consensus (3 down days, -0.633% expected return) with price oscillating lower. Lock in $92K unrealized gains before forecasted decline. Price remains above 50-day MA but forecast momentum is negative."
2023-11-15,4502.8798828125,4502.8798828125,4502.8798828125,4502.8798828125,BUY,Bullish trend consensus (3 up days) with price 3.85% above 50-day MA and strong 20-day momentum (+4.36%). Slight negative expected return (-0.986%) is marginal; multi-day bullish agreement justifies entry from cash position.
2023-11-22,4556.6201171875,4556.6201171875,4556.6201171875,4556.6201171875,SELL,"Kronos forecasts unanimous 5-day bearish consensus (all 5 days down, -0.868% expected return). Lock in $94K unrealized gains before forecasted decline. Strong multi-day agreement on downside direction requires defensive action."
2023-11-30,4567.7998046875,4567.7998046875,4567.7998046875,4567.7998046875,HOLD,"Kronos forecasts unanimous 5-day bearish consensus (all 5 days down, -0.239% expected return) with elevated volatility. Stay in cash to avoid downside risk; re-entry warranted only when forecast turns bullish."
2023-12-07,4585.58984375,4585.58984375,4585.58984375,4585.58984375,HOLD,"Kronos forecasts bearish consensus (3 down days) with prices declining to 4517.7 by day 5. Despite strong 20-day momentum, the near-term downside risk warrants staying in cash until forecast turns bullish."
2023-12-14,4719.5498046875,4719.5498046875,4719.5498046875,4719.5498046875,HOLD,"Kronos forecasts unanimous 5-day bearish consensus (all 5 days down, -0.258% expected return). Maintain cash position to avoid downside risk; re-entry warranted only when forecast turns bullish."
2023-12-21,4746.75,4746.75,4746.75,4746.75,HOLD,"Kronos forecasts unanimous 5-day bearish consensus (all 5 days down, -1.455% expected return). Maintain cash position to avoid downside risk; re-entry warranted only when forecast turns bullish."
2023-12-29,4769.830078125,4769.830078125,4769.830078125,4769.830078125,HOLD,"Kronos forecasts bearish consensus (3 down days) with neutral expected return. Despite strong 20-day momentum, the mixed trend and day-3 dip to 4728 lack conviction for entry. Maintain cash position until forecast turns clearly bullish."
2024-01-08,4763.5400390625,4763.5400390625,4763.5400390625,4763.5400390625,HOLD,"Kronos forecasts -1.542% expected return with 3 down days over 5-day horizon. Despite strong 20-day momentum, the bearish consensus and negative expected return warrant staying in cash until forecast turns bullish."
2024-01-16,4765.97998046875,4765.97998046875,4765.97998046875,4765.97998046875,BUY,"Kronos forecasts unanimous 5-day bullish consensus (all days up, +1.04% expected return) with low volatility. Price is 3.58% above 50-day MA with positive 20-day momentum. This is the first bullish signal after extended bearish forecasts—strong entry opportunity."
2024-01-23,4864.60009765625,4864.60009765625,4864.60009765625,4864.60009765625,HOLD,"Kronos forecasts bearish consensus (3 down days, -0.059% return) but recovery to 4,890.6 by day 5 lacks conviction for exit. Strong 20-day momentum and 4.67% above 50-day MA support maintaining position. Avoid churning on mixed signal."
2024-01-30,4924.97021484375,4924.97021484375,4924.97021484375,4924.97021484375,SELL,"Kronos forecasts unanimous 5-day bearish consensus (all 5 days down, -0.557% expected return). Lock in +$4,024 gains from successful entry on 2024-01-16 before predicted decline materializes."
2024-02-06,4954.22998046875,4954.22998046875,4954.22998046875,4954.22998046875,HOLD,"Kronos forecasts unanimous 5-day bearish consensus (all days down, -1.237% expected return) with predicted decline to 4,827. Despite strong 20-day momentum, the clear negative signal warrants staying in cash until forecast turns bullish."
2024-02-13,4953.169921875,4953.169921875,4953.169921875,4953.169921875,BUY,"Kronos forecasts unanimous 5-day bullish consensus (5/5 days up, +0.946% expected return) with low volatility. Price is 3.64% above 50-day MA with strong 20-day momentum. Clear re-entry opportunity after bearish forecast resolved."
2024-02-21,4981.7998046875,4981.7998046875,4981.7998046875,4981.7998046875,SELL,"Kronos forecasts unanimous 5-day bearish consensus (all 5 days down, -1.543% expected return) with high volatility. Clear reversal from last week's bullish signal warrants exiting to protect gains before predicted decline."
2024-02-28,5069.759765625,5069.759765625,5069.759765625,5069.759765625,HOLD,"Bearish consensus (3 down days, -0.039% return) with elevated volatility (1.162% spread) argues against entry. Wait for clearer bullish confirmation before re-entering despite positive 20-day momentum."
2024-03-06,5104.759765625,5104.759765625,5104.759765625,5104.759765625,HOLD,"Kronos forecasts unanimous 5-day bearish consensus (0 up, 5 down days, -1.768% return) with high volatility. Stay in cash and wait for bullish confirmation before re-entering."
2024-03-13,5165.31005859375,5165.31005859375,5165.31005859375,5165.31005859375,HOLD,"Bearish consensus (3 down, 2 up days) with weak -0.189% expected return lacks conviction for entry. Wait for stronger bullish signal before deploying cash, consistent with successful unanimous-consensus trading pattern."
2024-03-20,5224.6201171875,5224.6201171875,5224.6201171875,5224.6201171875,HOLD,Forecast shows 4/5 bullish days but negative -1.276% expected return with elevated volatility (1.285% spread). Lacks the unanimous bullish consensus pattern that has driven successful entries. Maintain cash position and wait for clearer bullish confirmation.
2024-03-27,5248.490234375,5248.490234375,5248.490234375,5248.490234375,HOLD,"Kronos forecasts unanimous 5-day bearish consensus (0 up, 5 down days, -1.626% return). Despite positive 20-day momentum, the clear bearish forecast warrants staying in cash to protect capital, consistent with successful trading pattern."
2024-04-04,5147.2099609375,5147.2099609375,5147.2099609375,5147.2099609375,BUY,Unanimous 5-day bullish consensus (5/5 up days) with +1.29% expected return and low volatility. Price above 50-day MA with positive 20-day momentum confirms uptrend. Deploy full cash position on this clear bullish signal.
2024-04-11,5199.06005859375,5199.06005859375,5199.06005859375,5199.06005859375,HOLD,Unanimous 5/5 bullish consensus with positive expected return and normal volatility confirms uptrend. Already fully invested with strong unrealized gains; maintain position to capture forecasted upside without churning.
2024-04-18,5011.1201171875,4920.02099609375,4990.60205078125,4924.08203125,HOLD,Kronos shows unanimous 5/5 bullish consensus with +0.747% expected return and low volatility. Already fully invested with strong unrealized gains; maintain position to capture the forecasted uptrend without overcommitting.
2024-04-25,5048.419921875,5009.58349609375,5059.85107421875,4982.181640625,HOLD,Kronos shows unanimous 5/5 bullish consensus with +0.138% expected return and low volatility. Already invested; holding through minor pullback as forecast confirms uptrend recovery ahead.
2024-05-02,5064.2001953125,4980.9541015625,5019.734375,4965.61962890625,SELL,"Unanimous 5-day bearish consensus (0/5 up, -1.922% return) + price below 50-day MA + negative 20-day momentum. Strong evidence to reduce exposure and protect substantial gains."
2024-05-09,5214.080078125,5166.47265625,5196.689453125,5159.54150390625,HOLD,"Kronos shows bearish consensus (4/5 down days, -0.29% expected return). Despite price above 50-day MA, the declining forecast trend and recent SELL signal warrant staying in cash until clearer bullish confirmation emerges."
2024-05-16,5297.10009765625,5250.939453125,5306.5302734375,5245.099609375,HOLD,Kronos shows unanimous 5/5 bearish consensus with -0.275% expected return. Remain in cash until forecast turns positive; strong recent momentum doesn't override the model's clear directional signal.
2024-05-23,5267.83984375,5307.029296875,5315.94482421875,5291.974609375,BUY,Kronos shows bullish 3/5 consensus with +0.705% expected return and normal volatility. Market is above 50-day MA with strong 20-day momentum (+4.35%). Entry justified after recent cash position.
2024-05-31,5277.509765625,5248.80810546875,5258.09375,5232.04296875,HOLD,Bullish trend (3/5 up days) with price above 50-day MA and strong recent momentum. Slight negative forecast (-0.42%) doesn't warrant selling; avoid churning on already-profitable position.
2024-06-07,5346.990234375,5326.87841796875,5336.7998046875,5311.2587890625,SELL,"Kronos shows strong bearish consensus (4/5 down days, -0.39% expected return). Lock in gains from recent bullish entry while forecast clearly signals downside risk."
2024-06-14,5431.60009765625,5392.59912109375,5409.16845703125,5375.5458984375,HOLD,"Kronos shows unanimous 5/5 bearish consensus with all forecast days declining. Despite positive recent momentum, the consistent downside bias warrants staying in cash. Wait for reversal confirmation before re-entry."
2024-06-24,5447.8701171875,5396.47314453125,5460.81982421875,5391.666015625,HOLD,"Kronos shows bearish consensus (3/5 down days) with only +0.209% expected return. Despite positive recent momentum, the forecast lacks bullish conviction. Remain in cash and wait for stronger buy signals with clearer upside confirmation."
2024-07-01,5475.08984375,5465.8427734375,5480.2138671875,5446.34033203125,HOLD,"Kronos shows unanimous bearish consensus (5/5 down days, -0.169% expected return) with elevated volatility. Despite positive recent momentum, the strong negative forecast and high volatility warrant staying in cash. Wait for clearer bullish signals before re-entering."
2024-07-09,5576.97998046875,5546.45068359375,5561.580078125,5524.11962890625,HOLD,Kronos shows unanimous 5/5 bearish consensus with -0.515% expected return. Strong quantitative signal to remain in cash despite positive recent momentum. Downside risk outweighs upward bias.
2024-07-16,5667.2001953125,5667.20654296875,5678.70458984375,5629.2802734375,HOLD,"Kronos shows bearish 5-day consensus (4/5 down days) with flat expected return (+0.023%), conflicting with strong recent momentum. Remain in cash to avoid unfavorable risk/reward at current levels."
2024-07-23,5555.740234375,5590.0390625,5604.36279296875,5556.900390625,BUY,Kronos shows strong bullish consensus (4/5 up days) with low volatility. Price is 2.55% above 50-day MA with positive 20-day momentum. Favorable risk/reward for entry from cash position.
2024-07-30,5436.43994140625,5449.48876953125,5469.64208984375,5412.01416015625,HOLD,Kronos shows unanimous bullish consensus (5/5 up days) with +1.208% expected return and low volatility. Already invested; maintain position to capture forecasted upside.
2024-08-06,5240.02978515625,5246.52392578125,5261.51123046875,5215.427734375,HOLD,Mixed forecast (3/5 up days but -0.109% expected return) with price 3.8% below 50-day MA and recent 6% decline. Downside risk outweighs upside; maintain position without adding exposure.
2024-08-13,5434.43017578125,5328.83203125,5364.01513671875,5313.78369140625,SELL,"Kronos unanimous bearish consensus (5/5 down days, -1.677% expected return) combined with price below 50-day MA and recent -4.11% 20-day decline. Strong quantitative signal to exit and protect portfolio gains."
2024-08-20,5597.1201171875,5588.0400390625,5617.28955078125,5577.89697265625,BUY,"Kronos unanimous bullish consensus (5/5 up days, +0.434% expected return) with low volatility and price above 50-day MA. Strong entry signal with positive momentum."
2024-08-27,5625.7998046875,5609.3115234375,5619.81591796875,5584.19970703125,SELL,Kronos shows strong bearish consensus (4/5 down days) predicting decline to 5553.3. Price near forecast high; take profits on recent rally with minimal expected return ahead.
2024-09-04,5520.06982421875,5549.5771484375,5565.58984375,5527.810546875,HOLD,Bearish trend (3/5 down days) with weak expected return (+0.462%) and significant mid-period dip to 5358.9 lacks conviction for entry. Waiting for stronger bullish consensus before deploying cash.
2024-09-11,5554.1298828125,5492.45068359375,5523.78125,5459.0498046875,HOLD,"Kronos unanimous bearish consensus (5/5 down days, -2.249% expected return) signals downtrend to ~$5,399. Already in cash; wait for better entry point at lower levels rather than buying into weakness."
2024-09-18,5618.259765625,5637.53173828125,5651.57080078125,5618.958984375,HOLD,Agent did not reach a decision — defaulting to HOLD
2024-09-25,5722.259765625,5778.42578125,5781.7470703125,5736.45751953125,HOLD,"Kronos shows unanimous bearish consensus (5/5 down days, -0.579% expected return). While technical structure remains positive, the consistent downside forecast warrants staying in cash rather than initiating a long position into predicted weakness."
2024-10-02,5709.5400390625,5686.15673828125,5767.99365234375,5683.7001953125,HOLD,"Kronos forecast shows weak bearish signal (-0.206% return, 3/5 down days) without strong conviction. Technical backdrop remains positive (price 3.09% above 50-day MA, +3.43% 20-day return). Insufficient evidence to deploy capital; staying in cash until clearer directional signal emerges."
2024-10-09,5792.0400390625,5750.3583984375,5762.8115234375,5726.44873046875,HOLD,"Kronos shows unanimous bearish consensus (5/5 down days, -0.468% expected return) forecasting pullback to ~$5,677. Remain in cash and wait for clearer entry signals or stabilization before deploying capital."
2024-10-16,5842.47021484375,5798.9853515625,5823.44970703125,5780.08740234375,HOLD,"Kronos shows unanimous bearish consensus (5/5 down days, -0.777% expected return) forecasting pullback to ~$5,678. Remain in cash to avoid buying into weakness; better entry opportunity likely after predicted decline."
2024-10-23,5797.419921875,5853.2216796875,5856.37255859375,5821.841796875,BUY,Kronos forecasts +0.868% return with bullish 3/5 up-day consensus. Technical confirmation: price +2.37% above 50-day MA with positive 20-day momentum. Moderate volatility supports entry. Markets have upward bias and this setup meets buy criteria.
2024-10-30,5813.669921875,5908.99072265625,5917.92041015625,5833.77685546875,HOLD,Kronos forecasts +0.289% return with bullish 4/5 up-day consensus. Price is above 50-day MA with positive momentum. Already invested and capturing the forecasted upside—no need to churn.
2024-11-06,5929.0400390625,5826.09912109375,5837.35498046875,5690.97412109375,HOLD,"Kronos forecasts -1.528% return with unanimous 5/5 down-day consensus, but technical support is strong (price +3.9% above 50-day MA, +2.37% 20-day return). Holding to protect substantial unrealized gains while monitoring for pullback confirmation."
2024-11-13,5985.3798828125,5939.8994140625,5972.2490234375,5930.04296875,HOLD,Kronos forecasts bearish 3/5 down-day trend but modest +0.607% return. Technical support strong: price 4.19% above 50-day MA with +2.45% 20-day momentum. Maintain position given conflicting signals and substantial unrealized gains.
2024-11-20,5917.10986328125,5900.890625,5915.50927734375,5885.3232421875,HOLD,"Kronos forecasts unanimous 5/5 bullish days with +0.408% expected return. Technical support strong: price above 50-day MA (+2.22%), positive 20-day momentum (+2.06%). Hold to capture forecasted upside while maintaining profitable position."
2024-11-27,5998.740234375,5946.15869140625,6009.0859375,5926.64697265625,HOLD,Kronos forecasts bullish 4/5 up-day consensus with +0.026% expected return. Price is above 50-day MA with strong 20-day momentum (+3.18%). Already invested and capturing gains; no strong sell signal warrants exit.
2024-12-05,6075.10986328125,6114.5244140625,6115.33154296875,6082.20703125,HOLD,Kronos forecasts bullish 4/5 up-day consensus with +0.434% expected return. Price is 3.68% above 50-day MA with positive momentum. Low volatility environment supports maintaining full position.
2024-12-12,6051.25,6102.9130859375,6130.083984375,6062.982421875,SELL,Kronos forecasts unanimous 5/5 down-day consensus with -0.688% expected return. Lock in $107K unrealized gains before predicted decline materializes.
2024-12-19,5867.080078125,5925.5107421875,5928.44482421875,5894.0244140625,BUY,"Kronos forecasts strong bullish 4/5 up-day consensus with prices rising to $5,949 by day 5. Despite elevated volatility and price below 50-day MA, the consistent upward trend and positive expected return justify entry at current pullback levels."
2024-12-27,5970.83984375,6037.58544921875,6046.97265625,6013.74609375,HOLD,Kronos forecasts unanimous 5/5 bullish days with +1.04% expected return. Price above 50-day MA with positive momentum. Already invested with strong gains; maintain position.
